タイプ,問題文,解答,解説
multiple,東海道新幹線開業当初になかった駅を5つ答えろ。,"三河安城,掛川,新富士,三島,品川",
single,東海道新幹線開業以降にできた駅のうち、一番最初にできた駅は○○駅である。,三島,
multiple,国鉄民営化後1988年にできた駅を3つ答えろ。,"三河安城,掛川,新富士",
single,東海道新幹線の停車駅で最後に出来た駅は○○駅である。,品川,
single,品川駅ができたのは○○年○○月○○日である。,20031001,
single,品川駅ができたことにより、のぞみ、ひかり、こだまのダイヤは〇-〇-〇ダイヤになった。,723,
single,JR東海の正式名称は○○である。,東海旅客鉄道株式会社,
single,会社名の英語表記は○○である。,Central Japan Railway Campany,
single,JR東海設立は○○年○○月○○日である。,19870401,
single,JR東海設立時の資本金は○○億円である。,1120,
single,社員数は○○人である。（令和6年度末）,18404,
single,新幹線と在来線の駅は○○である。（令和6年度末）,405,
single,車両数は○○両である。（令和6年度末）,4698,
single,単体の営業収益は○○億円である。（令和6年度末）,15112,
single,連結の営業収益は○○億円である。（令和6年度末）,18318,
single,旅客運輸収入が営業収益全体に占める割合は約○○％である。,95,
single,旅客運輸収入のうち新幹線収入は約○○％である。,93,
single,国鉄からの長期債務は2015年に○○兆円を割った。,2,
single,新幹線は東京～名古屋～大阪という日本を支える○○輸送。,大都市間,
multiple,在来線は静岡・名古屋といった東海地区の、○○輸送・○○輸送。,"都市間,都市圏",
multiple,本社は○○と○○にある。,"名古屋,東京",
single,○○は名古屋に本部があり、在来線に関わる運輸事業の企画・運営を行っている。,東海鉄道事業本部,
single,東海鉄道事業本部は○○に本部があり、在来線に関わる運輸事業の企画・運営を行っている。,名古屋,
multiple,東海鉄道事業本部は名古屋に本部があり、地方機関は○○支社、○○支店、○○支店である。,"静岡,三重,飯田",
single,○○は東京に本部があり、新幹線に関わる運輸事業の企画・運営を行っている。,新幹線鉄道事業本部,
single,新幹線鉄道事業本部は○○に本部があり、新幹線に関わる運輸事業の企画・運営を行っている。,東京,
single,新幹線鉄道事業本部は東京に本部があり、地方機関は○○支社である。,関西,
single,当社の代表取締役会長は○○である。,金子慎,
single,当社の代表取締役社長は○○である。,丹羽俊介,
single,事業推進部を除く、事務部門担当の副社長は○○である。,武田健太郎,
single,事業推進部を除く、○○部門担当の副社長は武田健太郎である。,事務,
single,事業推進本部長、特命事項担当の副社長は○○である。,中村明彦,
single,○○本部長、特命事項担当の副社長は中村明彦である。,事業推進,
single,中央新幹線推進本部担当の副社長は○○である。,水野孝則,
single,○○本部担当の副社長は水野孝則である。,中央新幹線推進,
single,鉄道事業本部担当、安全部門統括担当の副社長は○○である。,鈴木広士,
multiple,○○本部担当、○○部門統括担当の副社長は鈴木広士である。,"鉄道事業,安全",
single,東海道新幹線の営業キロは○○kmである。,552.6,
single,東海道新幹線の駅数は○○である。,17,
multiple,東海道新幹線の列車の種類は○○、○○、○○がある。,"のぞみ,ひかり,こだま",
multiple,のぞみが停車する駅は○○、○○、○○、○○、○○、○○である。,"新大阪,京都,名古屋,新横浜,品川,東京",
single,東海道新幹線の列車本数は○○本/日である。（2024年度平均・臨時列車を含む。）,383,
single,1986年11月に〇-〇ダイヤになった。,64,
single,○○年11月に6-4ダイヤになった。,1986,
single,1991年3月に〇-〇ダイヤになった。,74,
single,○○年3月に7-4ダイヤになった。,1991,
single,1992年3月に○○営業運転が開始した。,300系,
single,○○年3月に300系営業運転が開始した。,1993,
single,1993年3月に○-○-○ダイヤになった。,173,
single,○○年3月に1-7-3ダイヤになった。,1993,
single,1999年3月○○営業運転が開始した。,700系,
single,2003年10月に○-○-○ダイヤになった。,723,
single,○○年10月に7-2-3ダイヤになった。,2003,
single,2005年3月に○○ダイヤになった。,のぞみ8本,
single,○○年3月にのぞみ8本ダイヤになった。,2005,
single,東海道新幹線の利用者は○○億人/年である。,1.68,
single,東海道新幹線の利用者は○○万人/日である。,46,
single,JRの前身となった組織の正式名称は○○である。,日本国有鉄道,1949年に公共事業体として発足しました。
single,日本国有鉄道の俗称（略称）は○○である。,国鉄,日本国有鉄道は俗に国鉄と呼ばれます。
single,"1906年頃,運営費削減や外国のインフラ支配を防ぐ目的で公布され,私鉄の買収が進むきっかけとなった法律は○○である。",鉄道国有法,"1906年に鉄道国有法が公布され,私鉄の買収が進みました。"
single,"国営企業の民主化及び経営効率の向上を目指し,日本国有鉄道が公共事業体として発足したのは西暦○○年である。",1949,1949年に日本国有鉄道が発足しました。
single,"国鉄は第2次大戦後の設備投資不足や急激な輸送需要の増加に対応できず,その経営は○○した。",悪化,輸送需要の増加に対応できず経営が悪化しました。
single,"経営悪化後,国鉄は解体されてJR7社に分かれることになったが,この一連の改革を○○という。",分割民営化,"国鉄は解体され,JR各社へ分割民営化されました。"
single,"国鉄経営悪化が深刻化し,国鉄改革への動きが本格的に始まったのは西暦○○年である。",1981,1981年に国鉄経営悪化が深刻化しました。
single,"国鉄経営悪化を受け,内閣総理大臣が意見を求めるために設置し,国鉄改革の調査を行った機関は○○である。",臨時行政調査会,"臨時行政調査会が調査を行い,第三次答申を提出しました。"
single,"1982年に臨時行政調査会が政府に提出した,国鉄分割民営化の具体的内容を記載したものは○○である。",第三次答申,第三次答申により政府が分割民営化へ動き出しました。
single,"第三次答申に記載されていた,国鉄の立て直しのための具体的な計画を○○という。",再建計画,国鉄の再建計画を行うための具体的内容が記載されていました。
single,"国鉄の分割・民営化の具体案を審議決定するため,1983年に総理府に設置された委員会は○○である。",国鉄再建監理委員会,1983年に国鉄再建監理委員会が発足しました。
single,"国鉄分割民営化への移行までの間,緊急処置として国鉄に○○の全面禁止が実行された。",新規採用,緊急処置として新規採用の全面禁止が実行されました。
single,"国鉄分割民営化への移行までの間,緊急処置として○○以外の設備投資が停止された。",安全投資,安全投資以外の設備投資が停止されました。
single,"国鉄分割民営化への移行までの間,新規採用の全面禁止などを含む緊急処置は○○項目実行された。",11,11項目の緊急処置が実行されました。
single,"国鉄経営悪化の原因の1つとして,急激な○○の変化に国鉄が十分対応できなかったことが挙げられる。",輸送需要,急激な輸送需要の変化に対応できませんでした。
single,"1960年代の急激なモータリゼーションをはじめとする変化を,○○構造の変化という。",輸送,自家用車の普及など輸送構造が大きく変化しました。
single,"1960年代の高度成長期に,自家用車が急増する背景となった池田内閣の長期経済計画は○○計画である。",所得倍増,所得倍増計画により自家用車が急増しました。
multiple,"公共性を重視しすぎた国鉄が本来特化すべきだったのは,○○,○○,○○輸送という鉄道の特性が活きる3つの輸送分野である。","都市間,大都市圏,大量定型貨物","都市間,大都市圏,大量定型貨物輸送に特化すべきでした。"
single,"国鉄経営悪化の原因の1つとして,「親方日の丸」的な経営姿勢を招いた○○の欠如が挙げられる。",当事者能力,当事者能力の欠如が経営悪化の原因とされました。
single,"当事者能力の欠如による,国や政府に依存した無責任な経営姿勢を○○的な経営姿勢という。",親方日の丸,「親方日の丸」的な経営姿勢が問題視されました。
multiple,"国鉄時代,運賃や予算などの決定において,○○の過度の関与や,○○の過大な要求があった。","国会及び政府,地域住民",国会及び政府の過度の関与と地域住民の過大な要求がありました。
single,"国鉄の全国一元管理による巨大な企業規模は,経営において○○を超えていたと表現された。",管理限界,管理限界を超えた巨大な企業規模が問題でした。
single,"国鉄は公共企業体という責任が曖昧な業態であったため,責任感と○○意識を喪失していた。",企業,企業意識と責任感が喪失していました。
single,"国鉄経営悪化の原因の1つとして,職場規律の乱れを招いた不安定な○○関係が挙げられる。",労使,不安定な労使関係による職場規律の乱れがありました。
multiple,"国鉄時代,管理体制の崩壊を招き,○○や○○が横行した。","ヤミ協定,悪慣行",ヤミ協定や悪慣行が横行しました。
single,"国鉄時代,○○が進まなかったことで職員の生産性向上意欲とコスト意識が失われた。",合理化,"合理化が進まず,意欲やコスト意識が低下しました。"
single,"国鉄経営悪化の原因の1つとして挙げられた,収入に対して経費が高すぎるなどの構造をいびつな○○構造という。",財務,いびつな財務構造が経営を圧迫しました。
single,"1981年度の国鉄において,私鉄が40%だったのに対し,営業収入の85%と異常に高い比率を占めていたのは○○である。",人件費,人件費比率が当時の私鉄に比べ異常に高くなっていました。
single,"国鉄において,終戦直後の復員兵大量受け入れなどに起因し,膨大な年金・退職金が必要となった原因を○○構成のひずみという。",年齢,年齢構成のひずみから膨大な年金・退職金が必要になりました。
single,"国鉄末期,累積債務に対して発生し,財務をさらに圧迫した巨額な負担は○○負担である。",利子,巨額な利子負担が債務増大の要因でした。
single,1960年から1985年にかけて国鉄の国内旅客輸送量シェアは○○した。,半減,"国鉄のシェアが半減し,自動車に奪われました。"
single,"1960年から1985年にかけて,国内の自動車の旅客輸送量シェアは○○した。",倍増,自動車のシェアは倍増しました。
single,"1960年から1985年にかけて,国鉄の国内貨物輸送量シェアは○○した。",半減,貨物輸送量シェアも半減しました。
single,"1960年から1985年にかけて,国内の自動車の貨物輸送量シェアは○○した。",激増,自動車の貨物輸送シェアは激増しました。
single,"高度経済成長期の1960年から10年間で,約340万台から1900万台（約6倍）に急激に伸びたのは○○台数である。",自家用車保有,自家用車保有台数が急増しました。
single,1965年に開通した日本初の本格的な高速道路は○○である。,名神高速道路,名神高速道路が開通しました。
single,1970年に開通した高速道路は○○である。,東名高速道路,東名高速道路が誕生しました。
single,1964年に開業した日本初の新幹線は○○である。,東海道新幹線,東海道新幹線が開業しました。
single,"1974年のオイルショック以降の低成長期においても,順調に増加し続けたのは○○台数である。",自動車,自動車台数は順調に増加しました。
single,"1970年代以降,高速道路網の整備とともに急増した空港を○○化空港という。",ジェット,ジェット化空港も急増しました。
single,"自動車や航空機の設備量が伸びていた同時期に開業したものの,十分なシェアを獲得できなかった新幹線は○○である。",山陽新幹線,山陽新幹線が開業しましたがシェアは自動車などに奪われました。
multiple,"国鉄時代,他の交通機関の発展により鉄道の優位性が脅かされたが,シェアを奪った主な交通機関は○○と○○である。","自動車,航空機",自動車や航空機にシェアを奪われました。
single,"国鉄時代,自社の商品価格である運賃や,給与・予算の決定には○○の議決が必要だった。",国会,"自ら決定する権限がなく,国会の議決が必要でした。"
single,"国鉄時代,日本国有鉄道法により出資範囲が限定されていたのは○○関連事業である。",運輸,"運輸関連事業に限定され,駅前開発などができませんでした。"
multiple,"国鉄時代,政治家が選挙に当選するため「我田引鉄」として○○や,需要の見込めない○○の敷設を強引に推進した。","赤字ローカル線,整備新幹線計画",政治的な理由で赤字路線や需要のない新幹線が推進されました。
single,"国鉄末期,「働いても働かなくても同じ」という職員の意識が招いた事象のうち,接客などの質が落ちることを○○の低下という。",サービスレベル,サービスレベルの低下を招きました。
single,"国鉄末期,「働いても働かなくても同じ」という職員の意識が招いた事象のうち,働く意欲が落ちることを○○の低下という。",勤労意欲,勤労意欲が低下しました。
single,"国鉄末期,「働いても働かなくても同じ」という職員の意識が招いた事象のうち,職場の環境や規律が悪化することを職場の○○という。",荒廃,職場の荒廃に繋がりました。
multiple,"労働組合の主たる目的は,○○の維持・改善と,○○の向上を図ることである。","労働条件,経済的地位",労働条件の維持・改善と経済的地位の向上を図る団体です。
single,"労働組合と会社が結ぶ関係を,個人の関係に対して○○的労使関係という。",集団,集団的労使関係を結んでいます。
single,"労働組合と会社が結ぶもので,労働条件などを定めた契約（ルール）を○○という。",労働協約,労働協約によって労働条件を決定します。
single,"社員個々人と会社が結ぶ関係を,組合の関係に対して○○的労使関係という。",個別,個別的労使関係を結んでいます。
single,"社員（組合員）個々人と会社が結ぶ労働契約において,詳細が決められている規則を○○という。",就労規則,就労規則（就業規則）によって詳細が決められます。
single,"労働協約の規範的部分に含まれる労働条件のうち,給与に関するものは○○である。",賃金,賃金などの労働条件が含まれます。
single,"労働協約の規範的部分に含まれる労働条件のうち,働く長さに関する条件は○○である。",労働時間,労働時間が含まれます。
single,"国鉄時代の労働組合のうち,1947年に結成され,民営化に一貫して反対していた組合の略称は○○である。",国労,国鉄労働組合（国労）です。
single,"国鉄時代,職能別要求のため頻繁にストライキを行い「鬼の～」と呼ばれた労働組合の略称は○○である。",動労,国鉄動力車労働組合（動労）です。
single,"国鉄時代の労働組合のうち,最終答申が出た時点で唯一分割民営化に賛成していた組合の略称は○○である。",鉄労,鉄道労働組合（鉄労）です。
single,"国鉄時代,現場長と組合分会長が交渉することで,結果的に現場の管理権を著しく後退させた制度は○○である。",現場協議制,現場協議制（現協）により規律が崩壊しました。
multiple,"国鉄時代,現場協議制（現協）により職場の規律が崩壊し,○○,○○,○○が横行した。","ヤミ協定,ヤミ休暇,ヤミ手当","ヤミ協定,ヤミ休暇,ヤミ手当が横行しました。"
single,"国鉄の経営危機に際し,生産コスト引き下げ等を目指して導入された「生産性向上運動」は,通称○○運動と呼ばれた。",マル生,「生」を丸で囲んだスタンプからマル生運動と呼ばれました。
single,"国鉄時代,ストライキが禁止されていたため,確認動作等をわざとゆっくり行いダイヤを混乱させた戦術を○○という。",順法闘争,ストライキの代わりに順法闘争が編み出されました。
single,"国鉄時代に存在した,三公社五現業における労働関係を規制する法律の略称は○○である。",公労法,公労法によりストライキが禁止されていました。
single,"1975年,公労法によるストライキ禁止に反対し,国労・動労が権利奪還のために8日間実施した違法ストの略称は○○である。",スト権スト,ストライキ権奪還ストライキ（スト権スト）が実施されました。
single,"1982年度の国鉄財務において,損失や借金が膨れ上がり,負債が資産を上回る状態を○○という。",債務超過,債務超過に陥っていました。
single,"1982年度の国鉄の純損益は,○○兆円という巨額な損失だった。",1.4,1.4兆円という巨額の損失でした。
single,"1982年度の国鉄財務において,単年度の借金で賄っていたもののうち,赤字を埋め合わせることを○○の補填という。",赤字,赤字を借金で補填していました。
single,"1982年度の国鉄財務において,巨額の赤字にも関わらず,借金で過大に行い続けていた投資は○○である。",設備投資,過大な設備投資を行っていました。
single,"1982年度の国鉄財務において,これまでの借金を返すためにさらに借金をすることを○○の返済という。",借金,借金の返済も借金で行う自転車操業でした。
single,"1982年における国鉄の長期債務残高（約18兆円）を,当時の国民一人当たりに換算すると約○○万円だった。",615,国民一人当たり約615万円の借金でした。
single,"国鉄の財務において,大量の職員を抱えていたことにより,純損失発生の大きな要因となった膨大な経費は○○である。",人件費,膨大な人件費が経営を圧迫しました。
single,"国鉄の財務において,累積債務が膨らんだことにより,その支払い自体がさらに経営を圧迫することになったのは○○負担である。",利子,利子負担が増加する悪循環でした。
single,"国鉄の経営悪化の要因の1つとして,○○に国鉄が十分対応できなかったことが挙げられる。",急激な輸送需要の変化,急激なモータリゼーションなどの輸送需要の変化に対応できませんでした。
single,"国鉄の経営悪化の要因の1つとして,○○の欠如による親方日の丸的な経営姿勢であったことが挙げられる。",当事者能力,当事者能力の欠如が無責任な経営姿勢を招きました。
single,"国鉄の経営悪化の要因の1つとして,当事者能力の欠如による○○的な経営姿勢であったことが挙げられる。",親方日の丸,国や政府に依存した「親方日の丸」的な経営姿勢が問題視されました。
single,"国鉄の経営悪化の要因の1つとして,不安定な○○による職場規律の乱れがあったことが挙げられる。",労使関係,労使間の対立やヤミ協定などが職場規律を崩壊させました。
single,"国鉄の経営悪化の要因の1つとして,収入に対して経費が高すぎるなどのいびつな○○であったことが挙げられる。",財務構造,巨額の利子負担や人件費によるいびつな財務構造が経営を圧迫しました。
single,"1981年3月に発足され,分割民営化の基本方針を示した機関は○○である。",第二次臨時行政調査会,第二次臨時行政調査会が国鉄改革のテーマを審議しました。
single,"1982年7月に第二次臨時行政調査会が出した,分割民営化の基本方針を示した答申の正式名称は○○である。",第二次臨時行政調査会第三次答申,この答申により政府が分割民営化へと動き出しました。
single,"第二次臨時行政調査会第三次答申は,漢字4文字で略して○○と呼ばれる。",基本答申,基本答申では国鉄を5年以内に分割民営化することなどが示されました。
multiple,"基本答申に対し,当時分割民営化の賛成派であった政党は○○党と○○党である。","自民,社民","当時の与党である自民党と,野党の社民党が賛成派でした。"
single,"賛成派の自民党の中で,国鉄再建小委員会委員長に就任して国鉄改革に大きな役割を果たした人物は○○である。",三塚博,三塚博氏が国鉄の職場規律や経営問題に切り込みました。
single,"基本答申が出された当時,国鉄自身のスタンスは○○派であった。",現状維持,"当時の国鉄は従来の再建計画の変更を嫌い,現状維持派が主流でした。"
single,"基本答申が出された当時,分割民営化の反対派であった,国鉄を監督する省庁は○○である。",運輸省,運輸省も当初は現状維持・反対派の立場をとっていました。
multiple,"基本答申が出された当時,分割民営化の反対派であった野党は,○○党と○○党である。","社会,共産",野党の社会党と共産党は分割民営化に反対していました。
multiple,"分割民営化を巡り,当時の国鉄内は推進する○○派と反対する○○派に分かれて対立していた。","改革,現状維持","推進する改革派と,反対する現状維持派で内部対立がありました。"
single,"国鉄内で分割民営化を推進したグループの主要人物で,故JR東海名誉会長は○○である。",葛西義之,葛西義之氏が中心となって国鉄内部から改革を推進しました。
single,"国鉄内で分割民営化を推進したグループの主要人物で,元JR西日本会長は○○である。",井手正敬,井手正敬氏が中心となって国鉄内部から改革を推進しました。
single,"国鉄内で分割民営化を推進したグループの主要人物で,故元JR東日本会長は○○である。",松田昌士,松田昌士氏が中心となって国鉄内部から改革を推進しました。
single,"葛西義之,井手正敬,松田昌士の3名は,国鉄内で分割民営化を推進したことから○○と呼ばれていた。",改革3人衆,少数派であった改革3人衆が世論の追い風を受け改革を進めました。
single,"1983年6月に設置された,国鉄の経営形態等について内閣総理大臣に意見を述べる強い権限を持つ委員会は○○である。",国鉄再建監理委員会,"総理府に設置され,分割民営化の具体案を審議決定しました。"
single,"国鉄再建監理委員会は,国家行政組織法に基づく枠組みから別名○○とも呼ばれる。",8条委員会,"8条委員会として設置されましたが,その勧告は強い権限を持っていました。"
single,"1984年10月,信頼を集めていた自民党運輸族の○○氏が分割民営化へ転向したことが,運輸省が方針転換する大きな要因となった。",三塚博,"三塚博氏の転向により,運輸省が分割民営化に同調しました。"
single,1985年6月に国鉄経営陣の刷新という政治的決断を下した当時の首相は○○である。,中曽根,中曽根首相の決断により国鉄経営陣が刷新されました。
single,"1985年6月になされた中曽根首相の政治的決断とは,○○の刷新（更迭）である。",国鉄経営陣,"この決断により,分割民営化への流れが決定的なものとなりました。"
single,"1986年11月に成立した,分割民営化を決定づける法案は○○法案である。",国鉄改革,衆参ダブル選挙での自民党圧勝が追い風となり成立しました。
multiple,"JRが発足したのは,西暦○○年の○○月○○日である。","1987,4,1",1987年4月1日に国鉄が分割民営化されJRが発足しました。
single,"国家行政組織法において,独立性を有し国家意思を表示する権限を持つ委員会を○○という。",3条委員会,国家公安委員会や公正取引委員会などがこれに該当します。
single,"国家行政組織法において,独立性がなく諮問的・調査的な機関であるが,その勧告が強い力を持つ委員会を○○という。",8条委員会,国鉄再建監理委員会は8条委員会として設置されました。
single,"旅客部門の分割を行う理由の1つとして,○○の確立により地域・事業部門相互の依存関係を排除することが挙げられる。",当事者能力,"赤字路線への補填などをなくし,健全な経営を実現するためです。"
single,"旅客部門の分割を行う理由の1つとして,適正な○○規模にすることで意思決定の効率化を図ることが挙げられる。",経営管理,"全国一体の規模では決済が遅くなるため,適正な規模に分割しました。"
single,"旅客部門の分割を行う理由の1つとして,○○に応じた運営により線区ごとの弾力的対応を図ることが挙げられる。",地域性,地域ごとの事情に応じた設備水準やサービスを提供するためです。
single,"旅客部門の分割を行う理由の1つとして,各JRが○○に基づく経営管理・事業運営を行い効率的な運営を図ることが挙げられる。",競争意識,"他社と同規模の会社とし,より良いサービスを提供する意識を持たせました。"
single,"当事者能力の確立のため,地域や事業部門の特性に応じて分割することで,それまでの相互の○○関係を排除することが目指された。",依存,担当地域内で明確なコスト意識と利益目標を持たせました。
single,"適正な経営管理規模の確立のため,分割化することで各地域での○○の効率化が目指された。",意思決定,"意思決定の効率化と,企業への帰属意識の向上を図りました。"
single,"地域性に応じた運営の確立のため,分割化によって地域事情に応じた運営を可能にすることで,線区ごとの○○的対応ができるようにすることが目指された。",弾力,"全国一律ではない,地域ごとの事情に応じた弾力的対応を目指しました。"
single,"他社と同規模の会社とし,より良いサービスを提供しようという○○を持たせて効率的な運営ができるようになることが目指された。",競争意識,全国1社の国鉄時代にはなかった競争原理を働かせるためです。
single,"民営化の理由の1つとして,公共企業体という枠組みから外れて経営の○○を確保し,経営責任を明確化することが挙げられる。",自主性,国会の承認なしに予算や運賃などを設定できる自主性を確保しました。
single,"経営の自主性が確保されることで,○○の明確化につながる。",経営責任,"経営責任が明確になることで,当事者意識が芽生えます。"
single,"民営化の理由の1つとして,労働者の当事者意識を高めることで健全な○○の確立を目指すことが挙げられる。",労使関係,"経営状況に応じて賃金が決定されるなど,労使関係を一体としました。"
single,"民営化の理由の1つとして,鉄道事業を生かした関連事業への参入を可能とする経営○○の自由が挙げられる。",多角化,不動産事業や百貨店事業などの非運輸事業への参入が可能になりました。
single,"旅客部門の分割において,全国一元的組織運営の弊害を除去するため,地域的になるべく○○経営単位に分割することが必要とされた。",小さい,"地域事情に応じた運営をするため,小さい経営単位に分割されました。"
single,"旅客部門の分割において,分割に伴う制度上の問題及び○○の最小化が考慮された。",コスト,分割によるデメリット（コスト等）を最小限に抑える配慮がなされました。
single,"旅客部門の分割において,相当程度の面的広がりを持たせ,安定的な○○の確保が考慮された。",経営基盤,"企業として自立できるよう,安定的な経営基盤の確保が重視されました。"
single,"旅客部門の分割において,○○については利用者間の負担の均衡に配慮して分割された。",新幹線,新幹線は旅客流動のまとまりや負担の均衡を考慮して分割されました。
single,"旅客部門の分割方法の考え方に基づき,全国は○○分割された。",6,旅客部門は全国で6つの会社に分割されました。
single,"分割において,まず○○部門を旅客部門から独立させた。",貨物,流動形態や列車の運行状態が旅客部門と大きく異なるため独立させました。
single,"貨物と旅客が同じ組織にいると経営責任が不明確になるという観点から,○○の運営体制が見直された。",客貨一体,"客貨一体の運営体制から脱却し,貨物部門を独立させました。"
single,"全国一律管理による弊害を解消するため,旅客部門を○○することとした。",地域分割,巨大組織による管理限界を超えた状態を解消するため地域分割されました。
single,"国鉄は極めて多数の職員を抱える巨大組織であり,全国一元的組織で○○に合わせた運営が不可能であった。",地域,"地域に合わせた運営を行うため,地域ごとの会社に分割されました。"
single,"全国一体の収支管理では各地域や事業部門間に依存関係が生じやすく,○○が働かないというデメリットがあった。",競争意識,"依存関係をなくし,競争意識を働かせるための分割です。"
single,"分割において,○○交通については分断することなく一体的に経営するという考えであった。",大都市圏内,大都市圏内交通を一体的に経営することで利用者の利便性を保ちました。
single,"大都市圏内交通を一体的に経営するのは,○○の低下を防止し,分割に伴うコストを抑制するためである。",サービス,分断によるサービス低下を防止する目的がありました。
single,"新幹線に代表される○○については,旅客流動のまとまりに配慮して分割された。",都市間輸送,"都市間輸送をまとめることで,航空機などとの競争に耐えうる体制を目指しました。"
single,"都市間輸送をまとめることで,航空機や高速道路等との競争に耐えうるサービスの○○を目指した。",向上,"航空機や高速道路との競争に勝つため,サービス向上を目指しました。"
single,"旅客部門の分割において,本州は○○つに分割された。",3,"東日本,東海,西日本の3つに分割されました。"
single,"本州を3つに分割することで,旅客の流動が対象範囲内に収まる割合である○○が98%となる。",地域内完結度,"地域内完結度を高く保つことで,利用者の利便性を維持しました。"
single,"本州の分割案において,首都圏と近畿圏の二大都市圏間の流動を担う○○新幹線と中京圏のグループは現在のJR東海である。",東海道,東海道新幹線と中京圏を一体としたのがJR東海です。
single,"本州の分割案において,首都圏交通や東北・上越新幹線等を一体としたグループは現在の○○である。",JR東日本,首都圏交通と東北・甲信越の都市間交通を担うのがJR東日本です。
single,"本州の分割案において,近畿圏交通や山陽新幹線等と北陸地方を一体としたグループは現在の○○である。",JR西日本,近畿圏交通と西日本の都市間交通を担うのがJR西日本です。
multiple,"旅客の流動の地域内完結度が極めて高い「3島」とは,○○,○○,○○である。","北海道,四国,九州","北海道,四国,九州はそれぞれ地域内で流動が完結しやすい特性があります。"
single,"3島会社の安定的な経営基盤の確保のため,別途○○措置を講じることにより担保することとした。",収益調整,"分割民営化当初から赤字が見込まれたため,収益調整措置が講じられました。"
single,"JR東海とJR東日本の在来線の境界駅で,東京方面から伊東方面への列車運行を分断しないように設定されたのは○○駅である。",熱海,"熱海駅は管理局境界であり,列車運行を分断しないよう設定されました。"
single,"JR東海とJR東日本の境界駅で,御殿場線を一体的経営するために設定されたのは○○駅である。",国府津,御殿場線を線区全体で一体的経営するために国府津駅が境界となりました。
single,"JR東海とJR東日本の境界駅で,身延線を一体的経営するために設定されたのは○○駅である。",甲府,身延線を線区全体で一体的経営するために甲府駅が境界となりました。
single,"JR東海とJR東日本の境界駅で,飯田線を一体的経営するために設定されたのは○○駅である。",辰野,飯田線を線区全体で一体的経営するために辰野駅が境界となりました。
single,"JR東海とJR東日本の境界駅で,中央線における新宿・松本方面と大阪・名古屋方面の列車の合流点として設定されたのは○○駅である。",塩尻,塩尻駅は中央線における列車の合流点として境界に設定されました。
single,"JR東海とJR西日本の境界駅で,高山線における旅客の輸送段差を考慮して設定されたのは○○駅である。",猪谷,高山線における旅客の輸送段差や管理局境界を考慮して猪谷駅が境界となりました。
single,"JR東海とJR西日本の境界駅で,近畿圏と中京圏の輸送段差や長距離列車の乗務員乗換を考慮して設定されたのは○○駅である。",米原,近畿圏と中京圏の輸送段差や乗務員乗換を考慮して米原駅が境界となりました。
single,"JR東海とJR西日本の境界駅で,列車の折り返し運転が多く,在来線境界駅で唯一の当社管轄駅は○○駅である。",亀山,"亀山駅は列車の折り返し運転が多く,当社管轄の境界駅となりました。"
single,"JR東海とJR西日本の境界駅で,天王寺からと名古屋からの長距離列車の運行形態を考慮して設定されたのは○○駅である。",新宮,長距離列車の運行形態を考慮して新宮駅が境界となりました。
single,"民営化の経営形態の基本的な考え方は,できる限り民間企業と同様の自由と自主性を確保し,○○制度から脱却することである。",公社,"公社制度から脱却し,企業性を発揮した活力ある経営を可能にするためです。"
single,"鉄道事業は国家の重要政策であり停廃が許されないため,国自らが主導権をもって強制的に設立する○○形態とされた。",特殊会社,"特殊会社として設立され,段階的な民営化が目指されました。"
single,"特殊会社とは,国策上必要な事業で行政よりも○○形態の方が適切な場合に設立される。",株式会社,"将来的な民営化の可能性も視野に入れ,株式会社形態で設立されます。"
single,"本州3社には国鉄時代からの債務が引き継がれたが,3島会社には赤字を補填するための特別な措置として○○が講じられた。",経営安定基金,"営業損益で赤字が見込まれていたため,経営安定基金が設けられました。"
single,"JR発足当初,特殊会社である各社の株式を一括して所有していた組織は○○である。",国鉄清算事業団,当分の間は国鉄清算事業団が株式を全数保有する形態がとられました。
single,"平成18年4月5日に政府保有株式がすべて売却され,JR東海は○○を実現した。",完全民営化,"株式がすべて売却され,名実ともに民間企業となりました。"
single,"完全民営化する以前の特殊会社のJRに対する国の監督規制は,○○とされていた。",必要最小限,"経営の自主性を確保するため,国の規制は必要最小限にとどめられました。"
multiple,"国の監督規制が最小限とされたのは,○○,○○,○○に関する規制を基本的に行わず,事業範囲を広げるためである。","人事,財務,事業運営","人事,財務,事業運営の自由度を高めるための措置です。"
single,"規制を最小限にした目的は,経営について権限と責任を持ち,○○が発揮できる経営体制とすることである。",当事者能力,"当事者能力を発揮し,責任ある経営を行わせることが目的でした。"
single,"特殊会社時代のJRへの規制は「旅客鉄道株式会社及び日本貨物鉄道株式会社に関する法律」,通称○○法で定められていた。",JR会社,JR会社法によって必要最小限の規制が定められていました。
single,JR7社は最終的に全株式を上場して完全な○○になることを目標としている。,民間会社,"政府保有株式を売却し,完全な民間会社となることが最終目標です。"
single,"特殊会社時代のJRにおいて,新株の発行や代表取締役の選定などは○○の許可が必要であった。",運輸大臣,重要な経営判断については運輸大臣の許可が必要とされていました。
single,"運輸大臣の許可が必要な項目として,○○の発行や社債募集等があった。",新株,新株の発行や長期借入金などは許可が必要でした。
single,"運輸大臣の許可が必要な項目として,○○の選定・解職,監査役の選任・解任があった。",代表取締役,代表取締役や監査役の人事については許可が必要でした。
single,"運輸大臣の許可が必要な項目として,毎営業年度の○○の認可があった。",事業計画,毎年度の事業計画についても認可を受ける必要がありました。
single,"運輸大臣の許可が必要な項目として,重要な○○の譲渡があった。",財産,重要な財産の譲渡なども国による監督規制の対象でした。
single,"民営化されたことで労働基本権が認められ,労働組合はストライキ等を行う○○を持つこととなった。",争議権,"公労法の枠から外れ,民間企業と同様に争議権を持つことになりました。"
single,"特定地方交通線を除く全線区の鉄道旅客事業は,○○が引き継いだ。",旅客鉄道会社,"特定地方交通線はバス転換などが進められ,それ以外を旅客会社が引き継ぎました。"
single,"引き継いだ路線は,○○に即した活性化が進められた。",地域の実情,各地域の実情に合わせたサービスの提供や活性化が図られました。
single,"引き継いだ路線は,○○の徹底した合理化が進められた。",要員,"余剰人員の解消など,要員の徹底した合理化が進められました。"
single,"関連事業展開は○○され,経営者の責任の下に多角的弾力的な事業展開が可能になった。",自由化,"駅ビル事業だけでなく,流通業や通信事業などへの参入が可能になりました。"
single,"バス事業は一旦旅客鉄道会社が引き継いだが,速やかに○○させることとされた。",分離・独立,"鉄道とは別の賃金体系を導入するため,バス事業は分離独立させられました。"
single,"鉄道貨物事業は旅客部門から分離され,○○な事業運営とされた。",全国一元的,"貨物事業は旅客とは異なり,全国一元的な運営が維持されました。"
single,"分割民営化の課題は3点あり,そのうちの課題1は○○である。",資産・長期債務の処理,巨額の借金をどのように処理するかが大きな課題でした。
single,"分割民営化の課題は3点あり,そのうちの課題2は○○である。",余剰人員対策,適正人員を大幅に上回る職員の雇用対策が求められました。
single,"分割民営化当時の借金の総額において,○○の債務は25.0兆円にのぼった。",国鉄,当時の国鉄は巨額の長期債務を抱えていました。
single,"分割民営化当時の借金の総額において,○○の債務は4.5兆円であった。",鉄建公団,日本鉄道建設公団（鉄建公団）も多額の債務を抱えていました。
single,"国鉄や鉄建公団などの債務を合わせた総額は,○○兆円にものぼった。",37.1,長期債務や年金負担などを合わせると37.1兆円という天文学的な数字になりました。
multiple,"分割民営化における債務継承先として割り当てられた3つの組織は,○○,○○,○○である。","JR各社,新幹線保有機構,国鉄清算事業団",これら3つの組織が分割して債務を継承しました。
single,"分割民営化における債務継承先の1つとして,本州3社や貨物を指す○○が割り当てられた。",JR各社,経営体力のあるJR各社が債務の一部を継承しました。
single,"分割民営化における債務継承先の1つとして,新幹線設備を貸し出す組織である○○が割り当てられた。",新幹線保有機構,新幹線保有機構が債務の一部を負担しました。
single,"分割民営化に伴い国鉄から名称変更して発足し,債務継承先となった組織は○○である。",国鉄清算事業団,国鉄清算事業団が最も多くの債務を引き受けました。
multiple,"債務継承先から除外された,経営が苦しくなることが見込まれる三島会社は,○○,○○,○○である。","JR四国,JR北海道,JR九州",これら3社は経営基盤が弱いため債務継承を免除されました。
single,"債務継承先から除外されたJR四国,JR北海道,JR九州を総称して○○という。",三島会社,本州以外の3つの島にあることから三島会社と呼ばれます。
single,国鉄と鉄建公団からJR各社が継承した債務額は○○兆円である。,5.9,JR各社は直接5.9兆円の債務を継承しました。
single,"新幹線保有機構が継承した債務額は,○○兆円である。",5.7,新幹線保有機構は5.7兆円の債務を継承しました。
single,"国鉄清算事業団が継承した債務額は,○○兆円である。",25.5,最大の債務額である25.5兆円を国鉄清算事業団が継承しました。
single,"新幹線保有機構は,JR各社から支払われる○○が収入源であった。",新幹線リース料,"リース料が収入源であるため,実質的にはJR各社の負担となりました。"
single,国鉄清算事業団が支払う債務の一部にあたる2.9兆円の実質負担者は○○である。,JR各社,"財源などの関係から,実質的にはJR各社の負担となりました。"
single,JR各社が負担する実質債務額は分割民営化の時点で○○兆円となる。,14.5,"様々な負担が重なり,実質的な負担額は14.5兆円となりました。"
single,"JR各社の実質債務額は,最終的に○○解消時に1.1兆円増加した。",新幹線保有機構,機構の解消に伴いJR各社の負担がさらに増加しました。
single,"最終的なJR各社の債務負担額は,計○○兆円となった。",15.6,"初期の額から増加し,15.6兆円の負担となりました。"
single,"国鉄清算事業団の主な業務は,元国鉄保有の○○であった。",土地や株式の売却,資産を売却して債務の返済に充てることが目的でした。
single,"国鉄清算事業団の主な業務は,売却益による○○であった。",債務の償還,資産の売却益によって巨額の債務を償還しようとしました。
single,"国鉄清算事業団の主な業務は,分割民営化で再就職先のなかった○○であった。",元国鉄職員の雇用対策,"再就職先が決まらなかった職員を受け入れ,雇用対策を行いました。"
single,国鉄清算事業団は債務を完済できないまま○○年10月22日に解散した。,1998,"結局債務は完済できず,1998年に解散を迎えました。"
single,"国鉄清算事業団の残りの債務は,政府の○○に組み入れられ,現在も支払われ続けている。",一般会計,国鉄の借金は最終的に国民の税金（一般会計）で処理されることになりました。
single,"新幹線保有機構のリース料金は,JR各社の経常利益が○○パーセント程度になるように設定された。",1,"利益が出過ぎないよう,リース料金で調整が行われました。"
single,"新幹線リース料の制度は,○○を目指すうえで問題であるとの見解から廃止されることになった。",完全民営化,リース料の変動が経営の不安定要因となるため廃止されました。
single,"完全民営化に向けた取り組みの一環として,各社による○○が目指された。",株式上場,株式上場を果たすことで名実ともに民間企業となることを目指しました。
single,1987年当時の国鉄の在職職員数は○○万人であった。,27.6,民営化直前の国鉄には27.6万人の職員が在籍していました。
single,1987年当時の国鉄の本来の適正人員規模は○○万人であった。,18.3,JRとして事業を行うための適正人員は18.3万人と試算されていました。
single,"1987年当時の国鉄において,余剰人員として計上されたのは○○万人であった。",9.3,適正人員を差し引いた9.3万人が余剰人員となりました。
single,"余剰人員対策において,「一人たりとも路頭に迷わせない」と発言したのは当時の○○である。",中曽根首相,中曽根首相の強力なリーダーシップのもと雇用対策が進められました。
single,"余剰人員に対し,国を挙げて○○の確保に努めた。",雇用の場,"余剰人員を救済するため,様々な企業へ雇用の場を求めました。"
single,"総力を挙げた○○の結果,約2.8万人の再就職先が決定した。",雇用対策,官民一体となった雇用対策により多くの再就職先が確保されました。
single,"雇用対策の結果,残りの○○人が国鉄清算事業団へ移籍することになった。",7628,再就職先が決まらなかった7628人が清算事業団に移籍しました。
single,希望退職者の募集では○○万人の希望が集まった。,3.9,多くの職員が希望退職の道を選びました。
single,他JRへの移籍は○○万人となった。,1.8,他のJR会社への移籍などで雇用問題の解決が図られました。
single,"余剰人員の多くが北海道・九州から本州への○○異動となり,多くの職員が故郷を離れた。",広域,"地域間の人員の偏りを解消するため,広域的な配転が行われました。"
single,"1990年4月1日で再就職先が未決定であり,特別措置法の失効に伴い解雇となった人数から,この問題を○○問題という。",1047名,国鉄清算事業団を解雇された1
single,"国鉄清算事業団の解雇者のうち,半数に近い○○人が不当労働行為救済申し立てを行った。",3141,多くの解雇者が救済を求めて行動を起こしました。
single,"解雇者は,○○を通じて,JRへの採用に関して不当労働行為があったと主張した。",労組,労働組合を通じて法的な闘争を開始しました。
single,"不当労働行為があったとして,○○を相手にJR社員とすることを求めた。",JR各社,解雇された職員はJR各社を相手取り法廷闘争を開始しました。
single,"不当労働行為の救済申し立ては,全国の○○へ行われた。",地方労働委員会,全国各地の地方労働委員会に対して救済の申し立てが行われました。
single,"国鉄職員がJRに採用されるまでの手続きは,国鉄改革法第○○条によるものである。",23,国鉄改革法23条に基づいて採用選考が行われました。
single,"国鉄改革法により,JRへの採用は○○と国鉄の2つの主体によって実施された。",設立委員,JRの設立委員と国鉄が協力して採用作業を行いました。
single,"国労は,国鉄側が組合員を候補者名簿から○○的に外したことは組合差別であると主張した。",恣意,意図的に組合員を排除したと主張しました。
single,○○は「JRは社員として採用しなければならない」と次々に救済命令を発した。,地方労働委員会,多くの地方労働委員会が組合側の主張を認める命令を出しました。
single,"地方労働委員会の救済命令に対し,JRは○○へ再審査の申し立てを行った。",中央労働委員会,JR側は救済命令を不服として中央労働委員会に再審査を求めました。
single,"東京地裁の○○は,中労委の救済命令を取り消す判決を下した。",民事第11部判決,司法の場ではJR側の主張が認められる判決が出始めました。
single,"東京地裁の民事第11部判決や民事第19部判決では,中労委の救済命令を○○を下した。",取り消す判決,中労委の命令は法的根拠に欠けるとして取り消されました。
single,その後の○○高裁でもJRの責任を否定する判決が出た。,東京,高裁レベルでもJRの責任は一貫して否定されました。
single,"最高裁判決により,JRに○○としての責任がないことが確定した。",使用者,JRは採用前において使用者としての立場になかったと判断されました。
single,"2000年5月に自民,公明,保守,社民が発表した解決案を○○という。",四党合意,政治的な解決を目指して四党合意が形成されました。
single,"四党合意において,国労が○○に法的責任がないことを認めることが盛り込まれた。",JR,"和解の条件として,JRに対する法的責任の追及を放棄することが求められました。"
single,"四党合意において,○○が国労に対し,訴訟を取り下げるように求めることが盛り込まれた。",社民党,社民党が国労を説得する役割を担いました。
single,与党はJR各社に○○の場の確保等についての検討の要請をすると合意された。,雇用,解決策として雇用の場の確保が検討されました。
single,"四党合意は国労○○部も了解の上でなされたが,組織内の統一は図れなかった。",執行,"執行部は了解したものの,組合内での意見対立が起きました。"
single,2002年1月に○○を相手に283名による提訴が行われた。,日本鉄道建設公団,"JRの責任が否定されたため,訴訟の矛先が鉄建公団に変わりました。"
single,2002年11月に国労は第○○回定期全国大会を実施した。,70,定期全国大会で与党に解決案を示す責任があると主張しました。
single,"2002年12月,当時の○○は社民党に対して四党合意からの離脱を正式に通告した。",与党三党,"国労内の意見統一が図れなかったため,与党側から合意破棄が通告されました。"
single,"2009年3月の東京高裁は,鉄建公団に対し1人当たり○○万円の支払いを命令した。",550,"国鉄による不当労働行為を一部認め,慰謝料の支払いを命じました。"
single,"政府が4党案の受け入れを表明した一方で,和解内容は○○であるとの社会的批判が挙がった。",法外,多額の支払いに対して世論から批判の声が上がりました。
single,"2010年4月,○○など4党が政府に解決申し入れをした。",民主党,"政権交代後,民主党を中心とした新たな枠組みで解決が模索されました。"
single,"○○年7月に開催された国労定期大会で,闘争の終結が機関決定された。",2011,長きにわたる闘争がついに終結を迎えることになりました。
single,"2011年7月の国労定期大会で○○を機関決定し,1047人問題は事実上幕を閉じた。",闘争の終結,"組合側が和解案を受け入れたことで,歴史的な労働争議が終結しました。"
single,"会社別の運賃設定による負担増を防ぐため,○○の維持が図られた。",通算性,分割されても長距離運賃が割増しにならないよう配慮されました。
single,"境界駅での乗換増を防ぐため,分割後も○○を維持した。",相互乗入,"利便性を損なわないよう,会社間をまたぐ直通列車が維持されました。"
single,"列車のダイヤ設定は,JR7社が一同に会して○○を決定することとした。",ダイヤ,"各社の利害対立による非効率を防ぐため,共同で決定しました。"
single,"運賃収入の配分において,適切に配分するため○○に応じて配分することとした。",乗車キロ,各社が担った輸送距離に応じて運賃収入を公平に配分しました。
single,"運賃収入の配分において,販売手数料○○%を設定することとした。",5,切符の販売に関する手数料の基準を設けました。
single,"乗務員の運用において,○○駅で乗務員が交代することによる非効率が発生していた。",境界,境界駅での交代を減らす運用が可能になりました。
single,"列車の遅延対応などにおいて,想定される事態について共通○○を作成し対応した。",マニュアル,異常時においても各社が連携して対応できるよう共通ルールが定められました。
single,"1947年に結成され,約50万8000人を擁した国鉄時代の労働組合の略称は○○である。",国労,国鉄労働組合（国労）は当時最大の労働組合でした。
single,"労使対立や乗務員権益を追求し,国労から分裂した組合の略称は○○である。",動労,国鉄動力車労働組合（動労）は職能別の強い要求を掲げました。
single,"動労の前身として,1951年5月に結成された組合の略称は○○である。",機労,機労から後に動労へと発展しました。
single,"労使協調・生産性向上を掲げ,1968年10月に約4万3000人で結成された組合の略称は○○である。",鉄労,鉄道労働組合（鉄労）は分割民営化に賛成の立場をとりました。
single,"1974年3月に結成された,労使対立・共産系の組合の略称は○○である。",全動労,様々な思想や立場で労働組合が乱立していました。
single,"国労の右派が分裂し,1987年2月に約9",000人で結成された組合の略称は○○である。,鉄産総連
single,"鉄労,動労などが合流し,1987年2月に結成されたのは○○である。",鉄道労連,分割民営化に協力的な組合が合流して結成されました。
single,鉄道労連は1989年6月に○○と改称した。,JR総連,"JR発足後,全日本鉄道労働組合総連合会（JR総連）となりました。"
single,"スト権を巡る対立からJR総連が分裂し,約56",000人で結成されたのは○○である。,JR連合
single,1999年9月に全動労などが合流して結成された組合は○○である。,建交労,国鉄・JRの労働組合は複雑な変遷を辿りました。
single,"1987年4月のJR東海発足時,国労系は○○東海となった。",国労,各組合は地域ごとに支部を形成しました。
single,"JR東海発足時,鉄産総連系は○○鉄産労となった。",東海,東海地方の鉄産総連系組合として活動しました。
single,"JR東海発足時,鉄労・動労系は○○労組となった。",東海,東海労組は後にさらなる再編を経験します。
single,"東海労組の旧動労系が1991年に分裂してJR総連に加盟し,○○となった。",JR東海労,JR東海労はJR総連傘下の組合として活動しました。
single,"東海鉄産労と東海労組などが合流し,平成5年3月に結成されたのは○○である。",JR東海ユニオン,現在JR東海で最大の組合であるJR東海ユニオンが結成されました。
single,"現在のJR東海の労働組合の加入状況において,加入率95.5%を占めるのは○○である。",ユニオン,JR東海ユニオンが圧倒的な多数を占めています。
single,"現在のJR東海の労働組合の加入状況において,加入率1.3%を占めるのは○○である。",国労,国労の加入率は現在では非常に少なくなっています。
single,"現在のJR東海の労働組合の加入状況において,加入率0.8%を占めるのは○○である。",東海労,東海労の加入率もごくわずかです。
single,会社が重視する労使関係の考え方を○○論という。,二本のパイプ,"会社と労働組合,それぞれのパイプを通じて社員と繋がる考え方です。"
single,"二本のパイプとは,○○のパイプと会社のパイプである。",労働組合,2つの独立したパイプが機能することが重要とされています。
single,"会社と組合のパイプを通じて行われる,会社と組合間の①は○○である。",労使協議,会社と組合のパイプを通じて意見交換や協議が行われます。
single,会社と組合のパイプを通じた労使協議に対する②は○○である。,結果,労使協議によって得られた結果が共有されます。
single,会社から現場の実態を吸い上げるパイプの対象となる③は○○である。,社員,会社のパイプを通じて社員の生の声が直接吸い上げられます。
single,会社のパイプを通じた会社から社員への④は○○である。,説明・指示・指導,会社の考えや施策が社員に直接伝えられます。
single,労働組合のパイプを通じた社員から組合への⑤は○○である。,意見・要望,社員の意見が組合を通じて会社に届けられます。
single,"二本のパイプが円滑に目詰まりなく稼動し○○しあうことにより,一層有効な施策が実施できる。",補完,会社と組合がそれぞれの役割を果たし補完しあうことが重要です。
single,会社とJR東海ユニオンの間で1993年に交わされた宣言を○○という。,新宣言,新しい時代の労使関係を構築するための重要な宣言です。
single,"新宣言は,会社と○○の間で交わされた。",JR東海ユニオン,最大の労働組合であるJR東海ユニオンとの間で締結されました。
single,"新宣言では,建設的で平和的な労使関係を誓い,具体的には○○を行使しないことを述べている。",争議権,"ストライキ等を行わず,話し合いによる解決を誓いました。"
single,"新宣言の目的は,経営破綻に瀕していた国鉄からの○○を変え,新しく出発することである。",経営形態,過去との決別と新しい会社への生まれ変わりを目的としました。
single,"新宣言の目的は,斜陽と言われた鉄道事業を○○させ,世の中に貢献できる会社として発展させることである。",活性化,鉄道事業の再生とさらなる発展を目指しました。
single,"新宣言の第1項で,将来にわたりお客様に○○に利用していただける会社として発展させていくと述べている。",快適,お客様第一の姿勢を明確にしています。
single,"新宣言の第2項で,公共的使命の大きさを自覚し,○○な労使関係の確立に努めるとある。",建設的で平和的な,対立ではなく協調による労使関係の構築を宣言しました。
single,"新宣言の第3項で,会社内の問題は○○的に解決するという大原則に立つと述べている。",自主,社内の問題は外部に頼らず自ら解決する姿勢を示しました。
single,"新宣言の第3項で,会社は○○の経営ということを強く自覚すると述べている。",自主自立,"国からの依存を脱却し,自立した経営を行うことを宣言しました。"
single,"新宣言の第3項で,組合は○○主義に徹し,互いに社外からの介入を受けないと述べている。",労働組合,"政治的イデオロギーではなく,純粋な労働組合運動に徹することを誓いました。"
single,"新宣言の第4項で,経営懇談会などの充実に努め,健全な○○の確立に努めるとある。",経営協議会,労使の意思疎通を図るための協議会制度を重視しました。
single,"新宣言の第5項で,安定的・○○的な労使関係の確立に努めると述べている。",協調,"互いに理解し合い,協力して会社を発展させる関係を目指しました。"
single,新宣言の理念を将来にわたって実現させることを確認した宣言を○○という。,将来につなぐ共同宣言,新宣言の精神を次の世代へ継承するための宣言です。
single,"将来につなぐ共同宣言は,○○年8月に締結された。",2017,発足30周年の節目に改めて労使の絆が確認されました。
single,"将来につなぐ共同宣言の目的は,日本の○○と社会基盤の発展に貢献する使命を果たし続けることである。",大動脈,東海道新幹線などを担う社会的責任を再確認しました。
single,"将来につなぐ共同宣言の第1項で,相互の理解と信頼に基づく○○をさらに強固にしていくとしている。",労使関係,これまで築き上げてきた強固な労使関係を維持・発展させます。
single,"将来につなぐ共同宣言の第2項で,いかなる課題も共に乗り越える○○な労使関係を磨き上げていくとしている。",建設的,困難な状況でも協力して解決に向かう姿勢を示しています。
single,"将来につなぐ共同宣言の第3項で,将来にわたって社員が誇りと○○を持てる働きやすい職場づくりに取り組むと述べている。",やりがい,社員のモチベーションや働きがいを重視する姿勢を示しました。
single,"将来につなぐ共同宣言の第4項で,対等の立場で緊密な○○や真摯な協議を積み重ねると述べている。",意思疎通,労使間のコミュニケーションを絶やさないことを誓約しました。
single,"将来につなぐ共同宣言の第5項で,社会的使命と○○を強く自覚すると述べている。",責任,社会インフラを支える企業としての重い責任を自覚する内容です。
